alumno,media_1E,media_2E,media_3E,media_4E,media_1B,media_2B
0,3.25,4.38,,,,
1,4.5,3.0,,,,
2,5.4,4.8,4.45,3.67,,
3,5.7,6.4,4.09,,,
4,8.8,9.2,7.91,8.56,8.89,9.0
5,0.0,0.0,,,,
6,5.5,5.5,5.58,5.56,,
7,6.5,7.3,7.09,6.56,,
8,5.8,6.0,6.0,6.22,5.44,5.75
9,1.0,1.75,,,,
10,4.4,5.45,4.27,,,
11,5.3,5.7,5.45,5.44,5.11,5.25
12,6.5,6.3,5.64,5.89,5.0,6.62
13,5.1,5.8,5.73,5.44,,
14,6.36,5.3,3.91,,,
15,4.0,,,,,
16,5.4,6.0,5.45,4.67,,
17,5.1,4.5,4.56,,,
18,6.0,6.6,5.75,6.22,,
19,5.5,5.5,,,,
20,6.1,5.9,0.73,,,
21,8.1,7.4,7.55,7.89,8.33,8.62
22,6.1,6.1,6.82,7.11,,
23,5.4,4.8,4.64,4.25,,
24,5.0,3.8,,,,
25,5.8,6.2,5.58,6.0,,
26,5.6,4.8,3.27,,,
27,2.18,1.0,,,,
28,6.5,6.7,5.82,6.33,,
29,5.4,5.2,6.18,3.89,,
30,3.9,2.12,,,,
31,8.5,8.1,6.91,6.56,5.4,6.88
32,3.2,5.0,,,,
33,5.8,,,,,
34,5.2,5.4,4.82,,,
35,5.4,6.1,5.73,7.56,5.89,6.0
36,3.1,6.5,4.78,5.23,5.56,4.62
37,4.82,4.0,,,,
38,6.9,6.7,6.0,7.22,7.33,6.88
39,5.5,4.6,4.08,4.0,,
40,5.7,6.9,6.55,5.33,5.67,5.75
41,5.7,6.0,5.27,6.22,,
42,5.9,6.7,6.82,7.78,7.78,7.75
43,3.36,2.2,,,,
44,7.1,7.5,6.73,7.0,5.67,6.88
45,7.7,8.2,8.09,7.33,8.67,8.0
46,6.0,,,,,
47,7.8,6.4,,,,
48,8.7,8.6,7.55,8.44,8.11,7.75
49,5.8,6.3,4.82,4.56,,
50,5.6,4.5,4.08,4.22,,
51,6.5,6.6,7.0,4.0,,
52,5.91,6.3,5.45,6.78,,
53,6.5,7.8,6.82,8.0,8.0,8.12
54,4.8,5.25,4.44,3.56,,
55,6.0,5.0,3.73,,,
56,1.0,2.62,,,,
57,5.5,4.3,,,,
58,3.6,2.0,,,,
59,2.3,3.0,,,,
60,3.7,7.88,,,,
61,5.8,4.2,2.45,,,
62,0.0,3.0,,,,
63,7.1,6.8,6.36,5.56,,
64,6.0,5.3,4.82,2.89,,
65,5.3,5.8,3.08,,,
66,5.8,5.3,4.44,4.64,,
67,5.3,5.7,6.18,4.0,,
68,5.36,5.6,,,,
69,4.1,4.6,,,,
70,1.5,1.5,,,,
71,6.0,6.73,6.55,5.78,,
72,4.9,6.5,4.78,,,
73,3.9,3.91,,,,
74,4.1,5.88,4.67,3.89,,
75,,6.0,1.82,,,
76,0.0,1.0,0.09,,,
77,6.0,6.9,5.09,6.22,,
78,,5.8,0.0,1.33,,
79,5.0,5.2,6.0,6.11,,
80,,6.2,5.55,5.44,5.0,0.62
81,5.0,4.9,4.45,4.33,4.67,4.0
82,2.14,0.2,,,,
83,5.0,0.0,,,,
84,4.44,2.0,0.0,,,
85,0.0,2.82,4.22,,,
86,,6.5,5.36,5.78,6.15,6.62
87,5.6,2.3,0.73,,,
88,,1.0,,,,
89,5.0,5.7,5.82,4.22,4.2,
90,1.43,0.7,0.09,,,
91,,6.9,6.64,7.11,6.56,6.25
92,5.0,7.3,6.91,6.56,,
93,,4.3,0.64,,,
94,5.0,5.09,3.55,,,
95,,6.4,5.45,5.89,,
96,3.0,4.0,3.64,,,
97,,6.9,6.55,6.22,6.08,6.12
98,6.0,6.2,5.45,5.22,,
99,,5.2,0.09,,,
100,5.0,5.3,4.64,4.22,3.78,1.75
101,0.0,0.0,,,,
102,0.0,1.0,,,,
103,5.0,5.18,3.18,3.0,,
104,0.0,1.5,,,,
105,1.67,1.5,,,,
106,,5.7,5.45,3.89,,
107,,5.6,5.25,6.22,,
108,,,5.27,6.22,5.89,4.12
109,6.7,5.56,5.55,4.89,4.11,0.62
110,,,3.55,,,
111,5.9,4.22,1.64,,,
112,4.3,2.7,0.0,,,
113,5.2,4.0,2.64,,,
114,,,0.45,,,
115,,0.0,0.45,,,
116,4.8,5.89,5.91,6.44,5.78,4.62
117,,5.0,6.73,7.56,,
118,6.11,6.33,5.18,5.78,5.22,5.0
119,4.7,5.6,5.67,5.22,,
120,6.2,7.22,5.73,5.89,5.89,5.88
121,,0.0,0.0,,,
122,,,5.64,5.78,,
123,4.3,4.4,3.64,,,
124,,,0.82,,,
125,6.0,6.3,5.09,6.11,,
126,,,5.27,6.22,,
127,6.4,5.64,6.0,6.56,,
128,6.7,6.22,5.64,5.22,5.8,5.25
129,,,0.09,,,
130,6.3,6.11,7.09,6.0,,
131,,,5.73,6.33,,
132,,,0.0,,,
133,,,0.0,,,
134,5.3,4.5,2.45,4.22,,
135,5.0,5.0,0.55,,,
136,,5.56,7.27,8.78,8.33,7.38
137,4.8,5.56,2.91,,,
138,,,0.91,,,
139,5.0,7.0,,7.33,6.33,6.75
140,5.8,6.4,5.42,4.78,5.44,5.12
141,4.9,5.17,,7.0,,
142,5.6,5.6,4.58,4.22,,
143,,,5.0,5.44,5.5,
144,,,,5.89,5.6,
145,,,,6.33,6.33,6.0
146,,,,6.11,5.0,
147,5.7,5.4,5.17,5.78,3.33,
148,,,5.0,5.33,6.0,5.38
149,,,,5.33,4.44,
150,,,,6.33,,
151,,,,7.44,,
152,,,,5.89,7.9,6.5
153,7.4,6.7,,8.44,8.67,9.12
154,6.0,5.86,5.0,6.22,,
155,,,5.0,3.33,,
156,,5.0,,3.0,,
157,4.8,5.5,5.67,4.0,,
158,,,2.5,4.89,,
160,,,6.33,6.78,,
161,,5.0,2.0,6.89,5.67,
162,,,,4.78,,
163,,,5.0,5.1,4.44,6.25
164,5.0,7.0,5.0,5.78,5.89,5.62
165,5.9,4.5,4.5,0.22,,
166,,,,6.44,,
167,,7.0,5.0,6.23,,
168,,7.0,5.0,6.22,,
169,,,1.0,6.67,,
170,,,,7.44,,
171,,5.8,6.0,7.44,,
172,,,4.0,5.44,,
173,,,,6.22,6.38,7.12
174,,,,7.0,,
175,5.3,5.67,,4.56,,
176,4.9,5.43,,6.11,,
177,,,,8.33,7.56,7.62
178,,3.0,5.0,5.11,6.0,4.75
179,,,4.67,6.2,5.44,4.5
180,,,,6.89,7.78,8.12
181,,,5.0,2.89,,
182,,5.0,,4.56,5.0,
183,,,,6.56,,
184,,,3.0,5.56,4.67,5.62
185,,3.0,1.0,5.56,6.0,6.5
186,5.5,4.8,4.83,5.22,,
187,4.9,5.0,5.08,6.33,7.0,5.75
188,,,5.0,4.56,,
189,5.0,5.43,4.33,5.67,,
190,,,,7.44,7.67,7.75
191,,,,0.11,,
192,,,,4.11,,
193,,5.0,4.0,5.33,6.0,5.5
194,,,,5.0,,
195,,,,6.89,4.22,
196,,,,6.44,8.11,8.25
197,,5.0,1.0,5.56,,
198,,5.0,,5.22,,
199,,,,6.33,6.78,6.75
200,5.3,5.5,5.0,5.78,5.78,5.0
201,,,,3.22,,
202,,,2.0,6.0,5.89,5.62
203,5.0,4.8,5.62,6.56,,
204,,0.62,,,,
205,,2.0,,,,
206,0.0,5.75,3.36,,,
207,,5.0,3.06,,,
208,,6.25,5.09,,,
209,,0.25,,,,
210,,6.0,4.0,,,
211,,0.0,,,,
212,1.0,5.62,0.82,,,
213,3.0,6.38,0.91,,,
214,,3.12,,,,
215,0.0,,0.0,0.0,,
216,,,0.0,0.0,,
217,,,0.0,0.0,,
218,,,0.0,,,
219,,,,0.0,,
220,6.1,6.6,5.45,5.3,4.44,
221,6.9,7.1,5.91,5.5,0.0,
222,7.8,9.2,9.18,8.22,9.44,9.25
223,7.1,6.9,5.73,7.11,7.56,7.33
224,7.1,6.2,7.27,6.08,,
225,7.0,6.8,6.09,6.22,,
226,7.0,6.4,7.31,6.22,6.56,6.88
227,6.2,6.5,6.0,5.78,6.67,6.62
228,7.1,7.5,6.91,6.89,6.67,8.12
229,9.4,9.6,9.0,9.33,9.67,10.0
230,7.2,7.2,6.18,6.44,5.22,6.62
231,5.5,6.8,6.18,7.33,6.67,7.0
232,8.1,7.1,,,,
233,8.2,8.6,8.0,8.44,8.22,8.88
234,5.8,5.8,5.64,5.11,5.75,
235,5.08,4.6,4.27,5.78,5.89,
236,7.1,6.6,6.27,5.78,7.22,7.75
237,8.1,9.1,7.91,8.11,7.67,6.88
238,5.6,6.4,3.83,,,
239,5.7,5.5,4.67,3.92,,
240,8.3,9.1,9.09,9.0,9.33,9.5
241,7.8,8.0,6.45,7.56,8.22,8.0
242,6.2,5.7,5.45,4.56,,
243,10.0,10.0,,9.33,9.44,9.5
244,9.0,8.9,7.91,8.22,8.0,8.88
245,7.5,7.9,7.55,7.0,7.0,6.62
246,7.2,6.8,5.69,6.22,,
247,8.5,8.9,7.55,6.33,7.1,6.38
248,8.3,7.4,6.55,7.33,8.56,8.0
249,8.0,8.1,7.0,8.56,,
250,6.09,6.0,5.91,5.0,,
251,6.7,6.0,4.5,6.0,6.11,6.0
252,5.6,5.2,5.18,6.09,,
253,7.0,6.8,5.64,5.22,5.0,4.62
254,7.6,8.3,7.18,6.44,6.78,7.75
255,7.9,6.0,6.64,6.44,6.11,6.25
256,5.4,5.33,4.27,3.4,,
257,6.83,5.7,5.07,4.78,,
258,6.5,6.7,6.0,5.56,,
259,5.4,5.55,,,,
260,8.7,8.7,7.45,8.22,7.89,7.0
261,8.5,9.3,8.64,8.56,8.11,8.75
262,7.2,7.0,5.36,5.38,,
263,6.4,5.8,5.91,7.33,8.33,8.12
264,6.3,6.2,4.91,5.89,4.89,5.0
265,5.6,5.08,4.36,6.0,5.89,4.88
266,6.2,6.0,5.64,5.56,5.55,6.25
267,9.0,8.3,7.82,9.0,9.33,9.75
268,8.1,8.3,7.64,7.11,7.56,8.62
269,6.4,6.7,5.27,4.42,4.89,5.12
270,6.6,6.9,6.69,5.22,5.16,
271,9.5,9.5,9.09,9.22,9.11,9.5
272,5.6,5.3,5.58,5.83,,
273,7.4,7.6,7.27,5.67,5.55,
274,7.4,7.3,6.82,7.56,7.1,8.25
275,7.3,6.9,5.45,4.33,,
276,7.8,6.8,5.91,7.89,8.33,8.0
277,5.9,5.6,5.85,5.33,4.67,
278,4.42,4.8,,,,
279,9.3,7.7,6.82,6.0,,
280,9.2,9.3,8.18,8.89,9.56,9.75
281,5.9,5.9,4.62,5.56,,
282,7.2,8.1,7.36,6.67,6.44,6.75
283,7.3,8.3,7.82,8.22,7.33,8.5
284,5.7,6.0,5.45,5.0,4.89,5.12
285,7.1,7.3,6.55,7.11,6.78,7.38
286,,6.09,6.55,6.67,6.33,5.0
287,,7.27,8.18,7.56,8.7,8.62
288,5.0,5.8,5.57,5.89,,
289,5.0,5.82,6.18,5.56,,
290,,7.0,6.73,5.78,7.7,8.12
291,,7.9,8.64,9.67,9.78,9.75
292,,7.8,7.27,,8.0,9.25
293,,6.2,7.09,6.33,6.44,7.5
294,5.0,5.92,6.0,6.56,4.33,3.62
295,,8.09,8.45,8.56,8.44,9.25
296,,8.45,9.0,9.0,8.67,9.25
297,,5.64,6.27,6.33,5.78,5.5
298,,8.4,8.45,7.67,7.44,8.75
299,,8.8,8.18,8.22,7.44,7.75
300,,7.27,8.45,8.11,6.78,6.25
301,,7.27,7.18,7.33,7.67,9.12
302,,6.9,6.91,5.0,4.4,4.0
303,,8.5,7.27,1.0,,
304,,5.9,6.36,7.11,6.67,6.75
305,,5.45,6.82,6.89,6.78,8.12
306,,8.64,9.27,9.0,9.0,9.62
307,,8.3,7.45,7.11,,
308,,7.64,7.18,7.56,7.2,5.38
309,5.0,5.5,5.36,5.56,4.78,
310,,7.18,7.55,7.44,8.11,6.88
311,,5.91,6.0,5.67,6.7,7.25
312,,5.6,5.91,6.22,6.22,6.62
313,,6.0,5.36,5.89,,
314,,6.0,6.36,6.78,,
315,,6.8,7.27,7.22,7.22,7.88
316,,5.27,6.0,5.56,5.33,
317,,8.09,9.64,9.0,8.78,7.5
318,,7.27,8.27,8.22,7.56,6.62
319,5.0,4.9,1.45,,,
320,,7.8,6.91,7.89,7.89,8.62
321,,8.6,9.6,9.33,8.67,8.12
322,,7.7,8.0,7.56,8.22,4.25
323,,7.36,7.27,8.0,7.56,7.75
324,,8.27,9.0,,,
325,5.0,4.9,3.42,,,
326,,6.9,6.64,7.78,7.67,8.25
327,,8.3,7.45,8.22,7.89,8.12
328,6.0,6.3,5.64,6.33,6.3,7.0
329,,7.2,6.91,6.89,6.44,7.75
330,,6.7,5.64,6.33,7.56,7.38
331,,5.64,6.6,7.11,7.8,7.5
332,,8.73,9.45,9.22,9.0,9.38
333,,6.3,6.82,6.0,,
334,,8.3,7.73,8.33,6.89,6.38
335,,8.4,9.27,8.78,8.78,9.12
336,,7.0,7.27,6.78,7.67,7.62
337,,5.36,5.18,4.85,,
338,,8.09,8.73,8.56,7.78,7.75
339,,6.64,7.0,7.22,8.6,8.5
340,,6.1,5.45,5.67,,
341,,6.64,6.82,6.33,8.3,8.5
342,,6.64,7.91,8.11,8.11,6.75
343,,7.91,9.18,9.44,9.11,9.75
344,,6.18,6.82,6.11,7.4,7.0
345,9.4,9.8,9.82,10.0,10.0,9.88
346,6.9,6.9,7.09,6.56,6.44,6.38
347,8.5,8.8,9.36,8.78,,8.88
348,8.2,7.5,8.0,7.89,8.0,8.0
349,6.3,6.0,6.0,5.0,4.67,
350,6.3,6.8,6.09,5.56,4.33,3.62
351,6.6,7.2,6.27,5.67,5.22,3.62
352,5.5,5.9,6.27,6.56,7.0,6.0
353,6.6,6.5,7.0,7.0,8.11,7.75
354,7.5,7.9,7.64,6.67,6.11,6.62
355,7.5,7.8,7.09,6.11,6.43,6.38
356,5.3,5.9,6.55,5.89,6.89,4.38
357,8.2,8.5,9.45,9.44,9.11,9.75
358,5.3,4.9,5.36,5.78,7.11,5.38
359,6.9,6.6,6.91,7.0,5.46,5.62
360,7.8,6.3,7.27,6.44,7.78,6.75
361,6.7,6.4,6.09,5.67,7.0,7.0
362,5.9,5.56,5.64,5.78,6.44,2.62
363,7.0,6.9,6.82,6.78,8.44,7.88
364,7.9,8.0,9.45,9.0,9.27,9.88
365,5.4,5.8,6.82,6.56,6.89,6.5
366,7.5,7.2,6.64,7.0,6.44,7.12
367,8.5,8.6,9.55,9.33,8.67,9.25
368,8.2,8.3,9.27,9.56,8.56,8.88
369,8.5,7.5,8.27,7.44,7.67,6.5
370,6.7,6.2,6.73,6.33,6.33,4.88
371,7.6,8.0,9.09,8.67,9.0,9.12
372,5.8,6.1,6.18,6.67,7.33,7.12
373,5.9,5.7,6.45,6.33,7.22,7.88
374,6.1,5.6,5.55,6.38,7.22,7.12
375,6.4,5.67,4.82,,,
376,8.0,8.0,9.36,8.89,9.22,9.5
377,7.1,7.4,8.0,8.0,9.0,9.0
378,5.4,5.7,6.27,7.44,6.44,6.88
379,6.9,6.7,5.45,6.44,6.44,
380,6.2,6.2,5.45,6.0,0.9,
381,8.2,8.6,9.09,9.56,8.67,8.5
382,5.89,4.0,0.45,,,
383,7.91,8.6,8.73,8.56,8.56,8.88
384,5.8,5.9,5.64,6.11,6.0,0.75
385,7.7,8.0,8.36,8.56,8.0,7.5
386,6.6,6.3,6.55,5.33,8.11,5.12
387,6.7,6.9,7.36,8.22,8.67,8.5
388,8.7,8.5,9.45,9.56,9.67,9.62
389,6.8,6.3,7.18,7.0,9.11,9.62
390,6.0,5.9,5.91,6.67,7.44,8.38
391,8.0,8.0,8.82,8.67,7.67,7.5
392,5.6,6.0,6.18,6.56,6.33,6.38
393,5.4,4.9,5.36,6.55,,
394,7.2,6.0,6.73,6.67,,
395,8.2,8.7,7.55,8.22,8.67,9.38
396,6.0,5.6,5.38,5.78,3.89,
397,6.5,5.9,6.0,6.78,5.78,5.75
398,7.5,6.9,7.82,7.11,6.56,8.0
399,8.4,6.9,8.27,7.56,7.33,7.62
400,5.7,5.2,5.09,4.33,3.11,
401,5.9,6.0,5.36,5.43,,
402,,,,6.89,6.89,6.0
403,,,,5.89,7.56,8.12
404,,,,6.89,6.67,6.25
405,,,,7.44,7.89,7.62
406,,,,9.0,9.0,8.88
407,,,,7.78,8.67,8.88
408,,,,10.0,9.78,9.5
409,,,,5.22,,
410,,,,5.44,6.56,5.88
411,,,,5.67,6.56,5.88
412,,,,7.44,8.22,8.12
413,,,,8.89,9.0,7.5
414,,,,8.11,7.78,7.5
415,,,5.0,4.0,,
416,,,,5.44,6.89,8.0
417,,,,6.67,8.78,8.62
418,,,5.0,5.0,6.0,4.88
419,,,,8.22,8.33,7.12
420,,,,5.89,6.22,7.12
421,,,,7.33,8.21,8.25
422,,,,6.67,6.67,6.62
423,,,,9.89,9.67,9.62
424,,,,7.56,7.89,6.5
425,,,5.5,5.56,6.09,4.75
426,,,5.5,4.67,6.67,6.5
427,,,,7.22,8.22,8.75
428,,,,6.67,6.78,7.12
429,,,,7.44,8.0,8.12
430,,,,9.11,8.44,8.25
431,,,,6.78,8.0,7.75
432,,,,9.11,9.56,8.62
433,,,,7.0,8.11,7.12
434,,,,8.33,9.12,8.0
435,,,,6.0,5.78,6.0
436,,,,8.11,8.56,8.12
437,,,,8.33,8.89,9.0
438,,,,5.44,6.75,5.5
439,,,,6.0,5.57,5.62
440,,,,9.11,9.0,9.38
441,,,,6.0,7.67,7.12
442,,,,6.89,8.33,8.5
443,,,,7.11,7.89,8.75
444,,,,7.67,7.89,8.38
445,,,,7.67,7.33,6.75
446,,,,9.44,9.89,9.62
447,,,7.0,6.56,5.78,5.62
448,,,,8.22,9.0,9.12
449,,,,7.56,,
450,,,,7.67,7.0,
451,,,,6.78,8.33,8.38
452,,,,7.78,7.44,5.25
453,,,,8.11,9.0,9.12
454,,,,6.78,7.78,6.5
455,,,,7.11,7.07,9.12
456,,,,5.56,6.22,6.5
457,,,,6.11,6.89,7.25
458,,,,,6.44,7.0
459,,,,,6.56,6.88
460,,,,,2.11,
461,,,,,7.22,7.5
462,,,,,6.44,7.38
463,,,,,9.0,9.75
464,,,,,6.0,5.5
465,,,,,4.07,4.88
466,,,,,6.11,6.38
467,,,,,6.0,5.0
468,,,,,7.22,6.88
469,,,,,0.0,
470,,,,,0.0,
471,,,,,7.0,7.88
472,,,,,3.44,
473,,,,,0.75,
474,,,,,3.78,
475,,,,,1.89,
476,,,,,6.0,5.62
477,,,,,2.0,
478,,,,,10.0,10.0
479,,,,,5.33,3.12
480,,,,,3.44,
481,,,,,1.89,
482,,,,,8.44,9.12
483,,,,,6.33,7.62
484,,,,,7.89,
485,,,,,6.78,7.12
486,,,,,8.89,9.75
487,,,,,7.78,8.0
488,,,,,6.78,7.12
489,,,,,0.0,
490,,,,,7.44,
491,,,,,6.78,7.0
492,,,,,4.67,
493,,,,,,9.12
494,,,,,6.0,4.88
495,,,,,5.0,6.12
496,,,,,4.78,2.75
497,,,,,,8.25
498,,,,,,5.0
499,,,,,,6.12
500,,,,,,7.25
501,,,,,,8.5
502,,,,,6.0,7.0
503,,,,,,0.88
504,,,,,7.11,7.62
505,,,,,,6.5
506,,,,,5.33,3.88
507,,,,,2.5,4.25
508,,,,,6.33,2.62
509,,,,,,6.0
510,,,,,5.5,5.38
511,,,,,,5.88
512,,,,,,3.67
513,,,,,7.67,6.25
514,,,,,8.89,8.0
515,,,,,5.11,
516,,,,,7.0,7.38
517,,,,,6.67,6.0
518,,,,,8.67,9.5
519,,,,,7.33,7.12
520,,,,,6.44,6.0
521,,,,,9.89,10.0
522,,,,,8.33,8.62
523,,,,,8.0,8.38
524,,,,,7.33,6.88
525,,,,,7.11,7.25
526,,,,,7.67,7.25
527,,,,,8.89,9.62
528,,,,,10.0,10.0
529,,,,,7.56,6.62
530,,,,,8.0,7.75
531,,,,,8.22,9.62
532,,,,,9.11,9.62
533,,,,,7.22,7.5
534,,,,,6.11,6.0
535,,,,,8.0,8.25
536,,,,,8.0,9.25
537,,,,,7.89,8.38
538,,,,,7.0,6.12
539,,,,,6.22,
540,,,,,,8.0
541,,,,,,6.88
542,,,,,,9.5
543,,,,,,8.25
544,,,,,5.5,6.0
545,,,,,,7.25
546,,,,,,10.0
547,,,,,,6.88
548,,,,,,9.75
549,,,,,,7.12
550,,,,,,9.5
551,,,,,,7.5
552,,,,,,7.38
553,,,,,,6.0
554,,,,,,7.0
555,,,,,,9.5
556,,,,,,7.88
557,,,,,,10.0
558,,,,,,6.62
559,,,,,,8.12
560,,,,,,8.5
561,,,,,,9.75
562,,,,,,8.0
563,,,,,,8.38
564,,,,,,8.5
565,,,,,,8.5
566,,,,,6.33,7.5
567,,,,,0.0,
568,,,,,3.11,
569,,,,,8.67,9.12
570,,,,,7.11,8.12
571,,,,,5.67,5.88
572,,,,,4.56,3.33
573,,,,,3.67,
574,,,,,6.11,6.25
575,,,,,4.33,1.38
576,,,,,2.33,
577,,,,,0.67,
578,,,,,3.11,
579,,,,,6.89,6.5
580,,,,,4.0,
581,,,,,7.11,7.0
582,,,,,6.11,5.75
583,,,,,6.89,8.25
584,,,,,5.56,5.88
585,,,,,4.44,
586,,,,,3.89,1.25
587,,,,,6.33,7.25
588,,,,,7.67,7.75
589,,,,,6.22,6.12
590,,,,,4.78,5.75
591,,,,,0.56,
592,,,,,5.67,5.25
593,,,,,7.78,8.25
594,,,,,5.44,5.25
595,,,,,6.55,6.38
596,,,,,7.56,7.0
597,,,,,5.56,
598,,,,,0.56,
599,,,,,6.56,7.5
600,,,,,5.78,5.5
601,,,,,0.0,
602,,,,,6.44,6.5
603,,,,,5.5,5.62
604,,,,,6.0,5.62
605,,,,,5.11,1.88
606,,,,,5.67,7.38
607,,,,,5.22,5.75
608,,,,,6.78,6.38
609,,,,,6.0,6.5
610,,,,,6.0,6.12
611,,,,,5.78,5.5
612,,,,,5.56,5.5
613,,,,,7.33,7.38
614,,,,,6.33,5.88
615,,,,,2.78,
616,,,,,8.56,8.88
617,,,,,5.56,5.62
618,,,,,6.67,5.88
619,,,,,5.0,5.25
620,,,,,5.3,5.38
621,,,,,6.0,5.62
622,,,,,5.67,6.75
623,,,,,5.89,3.25
624,,,,,6.33,6.12
625,,,,,7.44,7.25
626,,,,,5.27,5.38
627,,,,,2.67,
628,,,,,6.56,6.75
629,,,,,4.78,
630,,,,,6.11,5.75
631,,,,,6.89,7.38
632,,,,,3.67,
633,,,,,6.0,5.88
634,,,,,6.89,6.25
635,,,,,6.08,5.38
636,,,,,2.56,
637,,,,,,4.25
638,,,,,6.0,6.25
639,,,,,6.44,7.38
640,,,,,,6.5
641,,,,,,5.62
642,,,,,0.0,2.88
643,,,,,7.11,6.25
644,,,,,0.0,0.88
645,,,,,,6.5
646,,,,,5.0,5.25
647,,,,,5.0,7.0
648,,,,,0.0,0.75
649,,,,,5.0,6.0
650,,,,,5.0,5.75
651,,,,,6.5,5.75
652,,,,,,6.5
653,,,,,,5.38
654,,,,,5.0,6.0
655,,,,,,5.5
656,,,,,5.0,5.12
657,,,,,5.78,5.75
658,,,,,6.89,5.62
659,,,,,0.0,0.0
660,,,,,2.0,3.6
661,,,,,,6.38
662,,,,,,8.88
663,,,,,5.67,5.75
664,,,,,,7.62
665,,,,,,7.38
666,,,,,6.0,5.75
667,,,,,5.89,6.5
668,,,,,5.0,5.12
669,,,,,,6.88
670,,,,,6.22,6.5
671,,,,,6.0,3.89
672,,,,,5.0,5.38
673,,,,,5.0,5.5
674,,,,,5.89,6.38
675,,,,,,6.25
676,,,,,5.0,5.38
677,,,,,5.56,3.12
678,,,,,,7.5
679,,,,,5.56,6.0
680,,,,,5.0,5.12
681,,,,,6.62,5.62
682,,,,,6.0,6.0
683,,,,,5.0,5.5
684,,,,,6.78,6.62
685,,,,,,5.75
686,,,,,,5.5
687,,,,,0.0,0.0
688,,,,,,7.0
689,,,,,5.0,5.5
690,,,,,5.33,5.25
691,,,,,,6.88
692,,,,,5.78,6.62
693,,,,,,5.75
694,,,,,,8.0
695,,,,,9.56,9.88
696,,,,,7.78,7.25
697,,,,,8.0,7.12
698,,,,,9.44,9.88
699,,,,,8.67,9.0
700,,,,,6.3,5.88
701,,,,,7.67,7.5
702,,,,,9.0,8.62
703,,,,,9.22,9.38
704,,,,,8.44,8.62
705,,,,,7.44,8.0
706,,,,,9.22,8.62
707,,,,,,8.0
708,,,,,,6.75
709,,,,,,9.75
710,,,,,,8.62
711,,,,,,6.0
712,,,,,,8.5
713,,,,,,8.25
714,,,,,,8.5
715,,,,,,10.0
832,7.1,7.6,6.64,6.56,,
833,7.4,6.8,7.09,7.56,6.22,6.5
834,2.9,1.92,,,,
835,3.64,3.6,,,,
836,2.45,2.09,,,,
837,6.6,4.7,2.58,3.0,,
838,5.4,2.2,3.0,,,
839,4.82,3.91,,,,
840,1.64,2.3,,,,
841,1.8,1.07,,,,
842,1.9,1.08,,,,
843,0.91,1.3,,,,
844,5.0,3.2,1.91,,,
845,5.9,4.18,2.73,,,
846,1.0,,,,,
847,7.8,6.5,6.91,7.44,7.11,8.12
848,5.7,5.4,4.92,4.22,,
849,6.3,4.3,3.82,,,
850,6.1,4.4,5.64,5.67,,
851,5.17,5.3,5.09,,,
852,6.1,3.8,4.82,,,
853,1.0,1.2,,,,
854,,,,5.44,6.3,5.88
855,2.3,1.85,,,,
856,4.7,5.4,2.18,1.0,,
857,1.18,2.9,,,,
858,9.2,8.1,6.64,5.44,5.9,6.62
859,3.8,,,,,
860,8.1,6.9,6.73,6.56,,
861,8.8,8.3,7.55,8.44,8.44,9.12
862,6.2,3.36,3.09,,,
863,6.5,6.7,5.09,4.11,,
864,5.0,3.58,3.55,4.11,,
865,5.3,4.9,5.36,6.11,,
866,6.0,5.1,5.23,4.78,,
867,6.9,5.9,5.91,4.67,4.44,4.75
868,5.5,4.18,2.18,,,
869,6.7,3.9,,,,
870,5.6,,,,,
871,,4.0,5.62,5.54,,
872,2.1,1.33,,,,
873,,,6.18,6.11,,
874,0.0,,,,,
875,5.8,5.6,5.55,4.78,4.0,4.38
876,3.27,4.91,5.25,5.78,,
877,8.0,7.7,8.36,7.33,8.44,9.0
878,1.0,0.0,,,,
879,,6.2,5.64,4.11,5.16,4.7
880,3.0,3.27,,,,
881,,,7.55,7.0,,
882,,,5.82,,,
883,,,5.45,5.89,,
884,,1.0,4.36,4.0,,
885,,,4.88,5.67,3.22,
886,,,4.0,5.78,,
887,,,6.0,7.56,6.67,7.5
888,,,,2.0,,
889,8.4,,,,,
890,8.8,8.5,7.27,9.44,9.22,9.0
891,6.7,6.8,6.82,6.11,5.78,6.0
892,8.5,7.9,7.73,7.56,7.78,7.25
893,6.8,6.1,5.36,5.33,5.56,6.0
894,6.2,5.2,4.73,5.56,4.67,4.38
895,8.0,6.4,6.45,7.67,7.22,7.25
896,7.3,,,,,
897,9.0,5.5,6.36,6.78,6.22,6.12
898,7.4,6.8,7.09,6.11,6.67,8.25
899,9.0,8.1,7.91,8.44,7.89,8.0
900,7.7,7.4,7.55,7.89,7.22,6.38
901,7.4,6.5,6.64,5.0,5.33,5.38
902,7.3,7.4,7.09,7.11,6.56,6.88
903,8.1,6.8,6.18,7.11,8.22,9.25
904,7.1,8.0,7.0,7.11,7.44,7.62
905,8.4,8.2,6.45,,,
906,6.4,5.5,5.55,5.11,4.89,3.62
907,7.1,7.7,7.09,,,
908,7.5,7.3,6.27,,,
909,5.5,4.7,2.58,,,
910,7.3,5.2,5.0,7.11,7.11,6.5
911,7.4,,,,,
912,9.4,8.9,8.73,8.11,8.78,8.5
913,8.8,7.7,7.64,6.89,7.56,7.62
914,9.8,9.1,9.0,8.67,8.22,8.62
915,6.9,6.7,6.09,7.33,6.89,6.0
916,7.5,7.9,7.18,7.11,6.22,7.88
917,8.7,7.8,7.18,6.78,6.78,5.38
918,9.1,7.8,6.64,6.67,6.89,7.62
919,6.3,4.8,4.64,4.55,3.6,
920,9.3,9.3,9.09,9.0,9.22,9.75
921,6.8,6.3,5.55,5.67,6.78,7.25
922,6.8,6.6,6.27,4.67,5.89,7.0
923,5.8,5.5,5.25,6.22,6.4,6.4
924,6.1,4.8,2.08,,,
925,6.8,6.2,5.27,5.78,6.22,7.0
926,6.0,5.5,,,,
927,7.9,7.8,7.45,8.78,8.56,8.62
928,9.4,6.8,6.5,7.67,6.44,7.88
929,7.4,7.0,6.82,5.78,6.0,6.12
930,8.1,7.8,8.45,8.11,8.22,8.75
931,8.9,7.4,6.91,7.22,6.0,6.5
932,7.8,7.7,6.45,8.11,7.56,8.38
933,6.7,6.3,4.91,5.38,,
934,7.1,6.7,5.73,7.33,7.22,8.0
935,8.4,6.6,5.64,,,
936,8.4,6.4,6.0,7.0,6.22,7.0
937,7.9,7.8,6.36,5.56,5.89,8.0
938,8.5,8.3,8.36,8.22,,
939,6.1,6.6,4.55,4.22,,
940,9.2,8.3,8.18,7.44,,
941,10.0,9.7,9.0,9.11,8.22,
942,7.8,7.7,7.36,6.33,6.67,7.38
943,8.9,8.6,7.64,9.33,8.56,9.25
944,8.8,7.8,6.09,7.78,6.78,7.62
945,5.9,5.3,5.5,5.22,,
946,8.8,7.0,5.91,4.56,5.67,6.0
947,7.2,5.3,5.64,5.78,5.89,5.75
948,6.6,6.7,,,,
949,7.1,7.3,5.91,6.11,6.33,7.0
950,7.8,7.6,6.64,6.78,7.33,8.25
951,6.1,6.4,5.18,3.89,4.26,1.82
952,6.8,5.4,4.64,5.22,6.22,6.12
953,5.9,5.4,5.36,4.67,1.88,
954,7.3,7.5,6.82,7.11,6.44,5.5
955,,,5.18,5.23,6.11,5.62
956,,,,7.89,,
957,,,,,0.56,
958,,,,,0.67,
959,,,,,6.0,6.75
960,,,,,,1.89
961,,,,,0.0,0.0
962,,,,,7.89,8.62
963,,,,,6.67,6.38
964,,,,,5.78,
965,,,,,9.89,9.88
966,,,,,5.78,4.88
967,,,,,5.33,5.0
968,,,,,6.44,4.75
969,,,,,5.22,4.75
970,,,,,,4.11
971,,,,,,8.5
972,,,,,,0.0
973,,,,,,8.12
974,,,,,,3.56
975,,,,,5.67,6.25
976,,,,,8.33,8.5
977,,,,,6.89,6.38
978,,,,,8.56,7.0
979,,,,,9.22,9.75
980,,,,,9.33,9.12
1035,6.5,5.7,4.73,,,
1036,,4.0,6.18,4.89,,
1037,6.5,5.8,6.27,5.78,,
1038,5.4,3.27,3.38,,,
1039,7.0,4.8,,,,
1040,2.55,1.82,,,,
1041,4.27,1.4,,,,
1042,6.3,5.1,4.45,2.89,,
1043,3.27,1.7,,,,
1044,6.3,4.9,2.0,,,
1045,3.7,4.0,3.64,4.0,,
1046,5.0,2.55,1.91,,,
1047,2.64,2.3,,,,
1048,4.3,3.09,,,,
1049,6.5,5.7,5.64,5.57,,
1050,3.67,2.9,,,,
1051,6.5,6.1,5.73,6.33,,
1052,5.6,6.6,5.45,7.11,,
1053,1.0,1.1,,,,
1054,3.5,2.3,,,,
1055,4.5,6.09,4.82,5.11,5.7,4.2
1056,5.6,6.4,5.18,7.22,,
1057,5.9,2.36,,,,
1058,4.0,3.9,,,,
1059,5.9,5.4,5.23,6.44,,
1060,3.3,,,,,
1061,2.2,1.9,,,,
1062,5.7,6.4,4.82,5.9,,
1063,6.0,5.9,4.86,6.11,,
1064,3.8,,,,,
1065,6.3,6.1,2.73,,,
1066,4.9,4.1,,,,
1067,6.6,4.6,4.07,5.0,,
1068,4.6,4.6,4.45,,,
1069,3.1,3.2,,,,
1070,8.5,7.3,5.36,,,
1071,6.2,5.2,3.67,6.33,,
1072,3.8,1.6,,,,
1073,4.4,4.18,4.12,,,
1074,4.5,4.8,5.36,,,
1075,2.91,1.9,,,,
1076,5.0,4.6,4.57,5.11,,
1077,5.6,3.73,4.18,,,
1078,,,5.0,3.67,,
1079,5.8,6.4,5.33,5.44,,
1080,5.9,5.5,4.82,5.78,4.1,5.4
1081,1.0,1.0,,,,
1082,6.3,5.6,5.82,5.44,,
1083,,5.6,4.64,4.11,5.0,
1084,3.0,2.92,,,,
1085,,5.3,6.55,6.56,6.22,5.62
1086,,7.1,5.82,5.89,6.56,7.75
1087,,4.5,,,,
1088,,,5.09,5.9,,
1089,,,4.73,,,
1090,,,3.45,,,
1091,,5.0,5.0,4.56,,
1092,,,,7.22,4.7,4.62
1093,,,,2.0,,
1094,,,,2.44,,
1095,,,,3.44,,
1096,,,,2.56,,
1097,,,3.55,,,
1098,0.0,0.0,,,,
1099,0.0,0.0,,,,
1100,0.0,0.0,,,,
1101,,0.0,0.0,,,
1102,7.7,7.5,7.82,7.44,7.1,7.3
1103,7.5,7.5,6.91,7.0,5.9,6.9
1104,6.6,5.5,5.18,5.33,,
1105,6.5,6.6,5.36,5.33,5.3,5.6
1106,6.4,6.7,6.18,7.33,6.4,6.4
1107,7.9,6.8,7.18,6.67,,
1108,6.6,5.6,4.82,4.0,5.18,6.5
1109,9.1,9.0,9.36,9.44,,
1110,7.1,5.6,6.82,6.33,,
1111,8.0,7.3,7.18,6.89,6.5,7.4
1112,6.0,4.3,4.18,,,
1113,6.3,4.9,4.83,4.33,3.82,1.5
1114,5.5,5.9,5.27,5.78,3.1,
1115,5.6,7.75,6.82,7.44,7.1,6.1
1116,4.36,4.1,3.75,,,
1117,4.8,,,,,
1118,3.8,1.4,3.62,,,
1119,5.3,6.1,5.82,6.33,5.5,6.9
1120,5.4,4.4,,,,
1121,9.5,9.7,9.36,8.78,7.5,8.6
1122,5.8,5.8,5.31,5.89,,
1123,4.4,4.7,,,,
1124,8.6,8.5,8.73,8.33,7.9,7.9
1125,5.2,3.73,2.88,,,
1126,5.8,6.2,5.27,5.77,,
1127,4.5,1.0,0.91,,,
1128,6.6,5.4,5.77,7.33,,
1129,7.8,8.0,8.18,8.22,6.5,7.9
1130,5.4,5.6,6.0,5.78,,
1131,6.1,6.9,7.55,6.44,4.8,7.2
1132,7.8,7.8,8.64,8.44,6.64,8.3
1133,6.4,4.83,5.91,6.22,4.44,
1134,6.2,6.7,7.55,6.67,6.8,7.6
1135,6.9,7.2,6.36,7.56,7.0,7.5
1136,6.3,7.5,6.64,7.44,6.36,7.8
1137,6.5,7.3,6.0,8.33,,
1138,6.4,4.8,7.36,6.67,5.8,7.0
1139,9.5,9.6,9.73,8.78,8.2,9.7
1140,5.6,2.75,,,,
1141,6.9,6.0,4.73,5.92,,
1142,7.5,7.8,7.82,8.78,8.3,8.7
1143,6.3,6.5,5.36,6.67,5.6,6.0
1144,,,7.09,8.44,8.11,8.5
1145,,,7.73,7.0,,
1146,,,6.64,7.0,,
1147,,,,8.0,7.78,7.5
1148,,,,1.11,,
1149,6.1,6.4,6.0,5.67,6.3,8.1
1150,4.8,6.4,5.91,6.33,5.6,6.4
1151,8.2,8.56,8.5,8.11,6.0,8.5
1152,6.4,3.82,,,,
1153,6.8,7.1,6.55,6.56,6.9,8.4
1154,5.1,5.8,4.73,5.33,,
1155,5.7,6.5,5.91,,,
1156,7.0,8.3,9.18,8.56,7.4,7.8
1157,8.3,8.9,8.36,8.56,7.7,8.3
1158,5.7,4.6,5.15,8.11,,
1159,5.64,6.1,5.18,5.0,,
1160,7.6,8.0,8.18,8.56,8.3,8.6
1161,6.0,6.2,6.18,6.22,6.18,4.7
1162,6.74,4.95,3.41,5.6,,
1163,4.5,6.3,5.82,7.0,6.1,7.1
1164,6.3,6.7,5.73,7.44,6.5,6.7
1165,6.2,6.2,5.82,7.17,6.0,5.9
1166,6.5,6.7,6.73,7.22,,
1167,8.8,9.0,8.82,8.11,7.8,9.5
1168,8.7,7.44,7.18,6.56,5.9,8.1
1169,8.3,8.5,7.91,7.44,7.0,7.9
1170,7.1,8.0,7.45,7.0,6.2,7.9
1171,5.5,6.5,6.55,6.56,6.8,8.1
1172,7.0,7.5,4.73,5.78,,
1173,7.2,5.9,5.64,7.89,,
1174,7.8,7.8,8.45,7.67,6.6,7.5
1175,7.6,8.1,7.82,7.22,6.9,7.9
1176,7.1,,,,,
1177,6.5,6.7,4.36,6.5,6.9,6.7
1178,8.3,8.33,8.82,8.11,5.9,9.2
1179,6.3,6.4,7.18,7.56,6.6,8.3
1180,8.9,9.4,9.09,8.89,8.4,9.6
1181,7.6,8.5,7.91,8.11,8.0,9.0
1182,7.1,7.6,7.27,6.56,6.3,6.6
1183,5.9,6.9,5.36,6.33,,
1184,6.7,7.7,6.73,6.33,5.18,5.9
1185,8.1,8.4,9.09,8.44,8.0,9.1
1186,9.0,8.78,8.0,8.44,6.5,8.2
1187,6.8,7.7,8.55,8.67,7.5,8.4
1188,5.23,4.1,2.0,,,
1189,4.1,5.8,5.09,4.56,5.23,4.4
1190,3.9,,,,,
1191,8.7,9.7,8.09,7.78,7.2,9.3
1192,7.8,6.8,3.69,6.44,5.0,5.3
1193,7.8,6.9,6.73,6.78,6.18,7.7
1194,9.2,9.2,8.64,8.89,8.0,9.3
1195,7.4,7.6,7.36,8.11,7.4,8.7
1196,7.3,7.0,7.45,6.33,5.2,5.6
1197,,,,,9.0,8.5
1198,,,,,,9.25
1199,,,,,5.22,6.0
1200,,,,,6.78,6.38
1201,,,,,5.44,
1202,,,,,1.67,4.5
1203,,,,,6.56,7.25
1204,,,,,7.33,5.25
1205,,,,,6.56,5.5
1206,,,,,6.11,
1207,,,,,8.67,9.0
1208,,,,,5.22,
1209,,,,,6.22,5.75
1261,5.7,6.35,4.91,5.7,4.3,
1262,,,,6.0,5.4,
1263,5.0,4.4,4.73,4.44,,
1264,5.8,6.5,5.73,8.0,2.1,
1265,4.1,2.0,2.5,,,
1266,5.35,3.75,2.82,,,
1267,6.2,4.85,2.95,3.9,,
1268,4.82,3.9,,,,
1269,5.65,5.7,2.92,,,
1270,5.3,5.8,5.09,6.8,0.1,
1271,6.1,6.1,,,,
1272,4.18,4.1,,,,
1273,3.67,3.73,2.27,,,
1274,2.6,,,,,
1275,9.1,7.0,5.64,5.63,7.3,
1276,6.1,5.65,4.14,7.1,6.0,
1277,5.2,4.8,4.82,4.44,,
1278,5.91,5.4,4.36,,,
1279,3.3,3.9,,,,
1280,6.0,5.2,5.25,,,
1281,7.9,5.68,4.73,5.3,,
1282,0.9,,,,,
1283,5.0,5.59,5.45,,,
1284,5.3,6.0,5.62,4.6,,
1285,2.7,,,,,
1286,4.85,5.75,5.45,7.6,5.3,
1287,5.0,3.9,,,,
1288,4.8,6.4,5.91,5.0,3.3,
1289,6.45,5.95,4.95,5.4,,
1290,5.4,6.8,7.73,7.33,6.73,6.73
1291,2.82,3.6,,,,
1292,3.09,3.1,,,,
1293,7.1,7.7,6.73,9.0,,
1294,5.75,6.05,2.73,,,
1295,7.8,8.1,7.91,8.67,7.73,7.64
1296,6.1,5.9,5.55,7.11,,
1297,7.15,6.06,4.55,,,
1298,1.6,,,,,
1299,1.5,1.6,,,,
1300,1.0,1.7,0.82,,,
1301,1.0,1.6,,,,
1302,,2.09,,,,
1303,1.6,1.18,,,,
1304,,7.4,6.23,4.67,,
1305,1.8,4.2,,,,
1306,5.0,5.7,6.27,6.56,,
1307,,3.4,2.79,,,
1308,1.2,2.0,,,,
1309,,2.2,1.45,,,
1310,,,5.0,6.11,4.8,
1311,,,1.73,,,
1312,,,1.58,,,
1313,,,4.08,,,
1314,,5.0,3.17,3.22,,
1315,,,2.42,2.78,,
1316,2.0,1.0,1.36,2.11,,
1317,,,3.64,5.89,,
1318,,,1.73,,,
1319,,2.0,5.33,5.11,4.4,4.2
1320,,,2.33,3.0,,
1321,,,6.0,5.44,6.0,7.3
1322,,,,3.56,,
1323,,,,1.89,,
1324,,,,1.67,,
1325,,,,1.78,,
1326,,,,2.08,,
1327,,,,3.33,,
1328,,,,1.67,,
1329,,,,1.56,,
1330,0.0,,,,,
1331,6.2,6.6,5.36,6.22,6.64,6.0
1332,8.5,8.9,9.0,9.11,9.27,9.09
1333,4.9,4.53,2.27,,,
1334,8.8,8.3,7.55,7.78,5.58,5.4
1335,7.9,9.6,8.82,8.89,8.1,8.18
1336,5.9,5.1,5.18,6.0,5.7,
1337,6.3,6.4,5.36,5.89,7.0,
1338,8.6,7.3,,,,
1339,4.9,3.1,,,,
1340,5.3,5.09,5.55,4.77,,
1341,8.4,8.7,7.91,7.67,7.0,5.82
1342,7.7,7.2,6.45,7.33,,
1343,6.7,5.7,5.91,7.78,7.09,5.91
1344,6.6,5.5,4.45,4.05,,
1345,5.1,5.5,5.45,4.74,4.9,
1346,5.8,5.8,6.09,4.67,4.89,5.3
1347,5.19,4.95,6.36,8.1,5.8,
1348,6.1,5.8,5.91,6.0,,
1349,7.3,8.0,7.82,7.33,7.4,7.2
1350,6.6,6.2,6.0,5.89,6.5,5.73
1351,7.5,8.6,7.82,7.89,7.55,7.64
1352,8.1,6.9,6.64,,,
1353,8.7,9.1,8.73,8.89,8.82,9.09
1354,7.05,6.55,5.55,4.74,,
1355,6.3,5.75,6.18,8.2,,
1356,6.5,4.85,3.82,5.1,,
1357,7.6,8.1,8.09,7.33,8.0,7.3
1358,6.6,6.55,6.36,6.26,,
1359,5.2,,,,,
1360,7.9,6.8,6.0,6.0,6.1,6.2
1361,6.8,6.5,6.0,5.89,7.4,7.2
1362,7.4,8.4,8.45,7.89,8.5,8.6
1363,5.0,5.6,4.64,,,
1364,7.1,8.0,7.27,8.11,8.9,8.5
1365,5.7,6.7,5.82,6.11,6.36,6.5
1366,8.8,8.8,8.91,8.67,7.5,7.0
1367,5.6,4.9,4.82,6.44,5.82,5.6
1368,6.6,6.8,6.27,6.78,,
1369,5.7,5.1,6.09,5.78,5.82,6.8
1370,9.6,9.9,9.73,9.67,8.8,8.45
1371,6.1,6.0,5.55,5.56,,
1372,6.1,4.8,4.18,5.11,2.89,
1373,7.2,6.6,5.55,6.56,,
1374,1.3,,,,,
1375,8.3,6.3,6.14,4.47,,
1376,6.6,6.0,5.55,7.0,,7.7
1377,8.4,8.9,8.45,8.33,7.55,7.1
1378,8.1,7.7,7.09,8.0,8.6,8.7
1379,7.4,7.8,6.55,7.0,7.6,7.3
1380,5.45,5.15,4.32,4.8,4.8,
1381,8.1,6.8,6.27,5.89,5.67,4.1
1382,5.8,5.8,5.82,6.11,6.73,5.64
1383,6.2,6.2,4.27,,,
1384,6.8,6.3,5.45,5.67,,
1385,4.3,2.5,,,,
1386,8.1,7.1,6.27,8.11,8.0,8.8
1387,6.7,6.3,5.5,5.4,,
1388,7.2,5.65,4.5,5.7,,
1389,5.6,5.0,4.64,6.78,6.4,6.9
1390,8.0,6.2,5.91,6.11,5.73,6.6
1391,6.3,5.4,4.64,5.7,,
1392,5.4,5.8,3.64,3.11,6.5,6.3
1393,6.8,8.3,7.82,8.11,7.18,6.27
1394,5.9,5.2,6.18,6.11,6.0,6.8
1395,5.4,1.82,,,,
1396,4.9,4.75,,,,
1397,7.0,4.95,4.95,2.47,,
1398,7.0,7.9,8.27,9.11,9.1,9.2
1399,7.8,8.1,7.36,8.22,8.5,8.6
1400,5.3,5.6,5.09,4.78,,
1401,5.2,7.2,5.09,4.78,5.2,5.7
1402,4.8,5.1,4.91,5.44,6.1,5.3
1403,5.15,5.71,5.91,6.6,,
1404,7.6,5.7,5.36,7.11,,
1405,6.75,5.1,5.23,6.8,6.5,
1406,5.9,6.3,5.82,6.0,,
1407,5.5,5.8,5.73,5.22,5.9,4.9
1408,6.7,6.2,5.36,5.89,6.6,7.1
1409,6.4,5.4,5.36,5.22,4.33,
1410,2.92,3.5,,,,
1411,8.7,7.9,8.36,8.67,7.73,8.09
1412,5.8,6.1,5.55,6.22,6.1,5.6
1413,9.7,7.4,7.09,8.11,7.36,6.91
1414,5.32,4.47,2.47,,,
1415,,1.58,,,,
1416,,,5.18,5.44,6.33,5.12
1417,,,1.0,3.0,,
1418,,,3.0,4.33,,
1419,5.9,5.95,5.0,5.1,,
1420,6.45,5.9,5.59,7.5,6.6,
1421,6.7,6.2,6.18,7.0,,
1422,7.6,6.5,5.36,6.78,6.9,7.0
1423,8.8,9.3,9.0,9.44,9.31,8.3
1424,8.2,7.2,7.27,6.44,6.5,6.3
1425,8.6,8.6,8.18,8.44,8.89,9.11
1426,7.1,8.0,7.18,7.78,8.2,7.7
1427,7.1,5.9,5.45,5.67,5.5,6.1
1428,7.3,7.0,6.82,7.0,7.7,6.7
1429,9.2,8.7,9.09,8.56,8.6,8.9
1430,6.9,6.8,5.91,5.0,6.6,7.2
1431,7.5,7.7,6.73,7.89,7.6,7.6
1432,7.5,6.2,6.0,5.89,5.6,5.6
1433,6.35,6.0,3.95,6.6,5.82,
1434,7.3,7.6,7.36,8.0,7.9,7.8
1435,9.2,8.3,8.36,7.56,8.4,8.9
1436,6.2,6.6,5.55,6.22,6.6,7.2
1437,7.5,6.9,7.09,7.33,,
1438,6.6,6.7,5.45,6.56,6.3,5.9
1439,8.0,8.0,7.27,8.0,8.45,8.0
1440,9.9,9.9,10.0,9.89,9.64,9.2
1441,7.9,6.55,5.59,5.21,,
1442,7.0,7.4,6.55,7.33,7.7,6.6
1443,9.0,8.4,9.18,8.33,9.33,9.0
1444,7.5,6.1,4.18,6.11,7.7,7.2
1445,5.85,6.48,5.27,6.8,,
1446,6.5,5.9,4.82,,,
1447,8.2,7.7,8.36,9.22,9.3,9.5
1448,8.8,9.1,8.18,8.44,9.3,9.3
1449,8.3,9.4,9.0,9.22,9.09,8.91
1450,8.3,8.6,8.27,8.56,8.9,9.1
1451,6.7,6.8,7.18,8.33,8.0,8.6
1452,7.7,6.5,6.27,6.11,5.5,6.09
1453,7.4,8.4,7.55,8.33,8.7,9.0
1454,8.3,8.7,7.91,8.44,9.0,9.1
1455,7.7,6.5,6.0,5.44,,
1456,5.7,5.7,6.45,6.89,6.8,6.9
1457,1.0,3.71,2.73,1.1,,
1458,,,,,4.23,3.5
1459,,,,,4.33,3.75
1460,,,,,4.58,4.75
1461,,,,,0.29,
1462,,,,,5.5,5.75
1463,,,,,6.78,7.5
1464,,,,,,5.25
1465,,,,,8.33,
1516,5.8,4.85,5.73,5.3,,
1517,4.2,4.7,,,,
1518,4.75,4.55,4.55,5.3,,
1519,4.95,5.33,4.0,,,
1520,5.9,5.5,5.45,5.9,,
1521,6.45,6.8,6.09,5.8,,
1522,5.1,2.0,,,,
1523,6.3,5.4,4.85,6.0,,
1524,4.8,2.9,,,,
1525,5.5,4.27,,,,
1526,7.45,6.3,5.45,7.0,,
1527,3.6,5.2,,,,
1528,5.9,4.75,4.27,5.08,,
1529,5.4,5.22,3.18,,,
1530,5.8,5.6,3.62,,,
1531,4.09,3.7,,,,
1532,5.7,5.6,5.27,6.7,5.6,
1533,4.64,,,,,
1534,3.17,4.4,,,,
1535,3.0,3.6,,,,
1536,5.6,5.15,5.55,6.6,,
1537,6.35,5.25,5.36,6.3,2.44,
1538,2.67,2.14,,,,
1539,3.7,4.2,,,,
1540,4.9,2.18,,,,
1541,3.67,2.2,,,,
1542,6.3,5.75,2.42,6.5,,
1543,4.45,6.09,4.0,,,
1544,4.36,4.4,,,,
1545,2.91,2.8,,,,
1546,4.7,4.3,,,,
1547,3.2,3.5,,,,
1548,5.3,5.1,4.64,,,
1549,4.95,4.71,3.36,,,
1550,5.65,7.0,5.45,6.3,4.8,
1551,4.6,3.8,,,,
1552,4.82,4.4,,,,
1553,7.4,7.15,5.55,6.7,1.45,
1554,5.6,6.5,6.18,,,
1555,6.85,5.65,5.27,,,
1556,5.0,6.7,4.91,1.44,,
1557,1.0,2.3,,,,
1558,5.0,3.7,,,,
1559,,,2.36,,,
1560,,,2.27,,,
1561,,,6.0,4.78,,
1562,,,,1.67,,
1563,,,1.0,5.11,,
1564,,,,1.78,,
1565,,,,2.54,,
1566,,,3.0,1.22,,
1568,8.85,7.4,6.82,7.7,7.27,
1569,6.8,5.45,7.0,6.6,,
1570,7.8,6.9,7.36,6.6,7.5,
1571,8.3,6.85,6.36,8.1,7.9,
1572,8.45,8.35,8.45,8.2,8.55,
1573,7.15,6.9,4.0,5.5,6.0,
1574,6.55,6.3,4.64,6.7,,
1575,6.25,5.95,5.27,6.2,5.6,
1576,9.6,9.2,7.45,8.5,,
1577,6.6,5.85,4.09,5.8,5.3,
1578,5.05,6.82,6.73,,,
1579,8.8,7.1,4.64,5.2,5.8,
1580,5.65,4.65,4.09,,,
1581,7.55,7.45,6.91,7.9,7.4,
1582,4.55,5.95,3.91,,,
1583,7.9,6.25,6.55,6.4,5.1,
1584,7.15,7.1,6.18,7.2,6.2,
1585,1.31,1.33,,,,
1586,6.5,6.2,5.27,6.8,6.1,
1587,5.8,5.06,2.45,,,
1588,8.45,8.55,8.36,8.1,8.09,
1589,6.35,6.15,5.64,6.4,7.2,
1590,7.95,7.55,4.73,5.7,5.6,
1591,7.85,7.35,6.18,6.5,7.8,
1592,6.4,6.0,4.33,,,
1593,7.0,6.1,5.73,5.6,6.3,
1594,7.8,7.85,7.55,8.1,8.0,
1595,5.95,4.55,1.58,,,
1596,6.05,6.9,6.75,6.4,,
1597,7.1,5.65,4.64,6.4,,
1598,7.25,7.2,7.27,6.0,,
1599,6.1,6.35,6.5,5.5,,
1600,7.7,8.15,8.18,7.8,7.4,
1601,5.9,5.2,3.91,4.71,,
1602,5.7,6.55,5.82,7.2,7.6,
1603,6.25,5.95,5.73,6.8,5.64,
1604,7.1,7.1,6.55,6.7,5.2,
1605,7.55,8.05,8.18,8.2,8.0,
1606,7.2,7.05,6.64,8.2,7.78,
1607,5.2,5.55,5.54,3.4,,
1608,7.7,6.8,6.64,6.5,7.1,
1609,6.2,6.55,5.27,6.2,6.36,
1610,9.85,9.8,9.55,8.9,,
1611,7.4,6.4,,,,
1612,7.85,8.35,8.09,8.7,8.55,
1613,7.75,8.2,7.27,7.9,7.6,
1614,6.7,7.35,5.45,6.1,6.1,
1615,6.65,6.75,6.0,7.3,,
1616,7.5,7.25,6.18,5.8,6.55,
1617,1.9,1.6,,,,
1618,5.58,5.0,4.27,3.4,,
1619,3.29,3.9,2.45,,,
1620,5.9,4.95,4.09,5.08,,
1621,8.4,9.35,7.55,8.4,,
1622,7.0,6.0,5.73,6.6,7.0,
1623,5.15,5.05,1.55,,,
1624,7.65,5.4,5.25,6.5,,
1625,6.75,5.85,5.73,5.2,5.5,
1626,7.1,6.45,6.36,6.7,6.8,
1627,5.3,6.45,4.27,,,
1628,7.95,6.05,6.91,7.4,8.3,
1629,6.35,6.6,5.45,5.9,,
1630,6.25,5.95,3.09,,,
1631,8.05,7.1,5.45,5.7,6.0,
1632,4.95,5.7,4.64,6.0,,
1633,9.85,9.7,8.55,9.5,8.6,
1634,6.6,6.45,6.09,5.6,6.7,
1635,8.55,7.85,6.73,7.2,7.8,
1636,5.4,5.55,6.25,6.1,,
1637,8.45,8.45,8.09,8.3,,
1638,5.25,3.2,,,,
1639,6.1,4.36,,,,
1640,8.7,8.65,7.18,6.4,6.6,
1641,5.4,5.4,5.85,6.4,,
1642,5.85,5.1,4.55,5.3,4.0,
1643,9.8,9.9,9.73,9.5,9.36,
1644,8.7,9.35,9.27,9.1,9.3,
1645,5.9,4.85,4.82,6.5,6.2,
1646,9.0,9.25,9.36,9.4,,
1647,7.75,7.5,5.18,5.7,6.6,
1648,6.4,6.18,5.55,7.3,,
1649,6.4,5.75,4.55,5.6,5.1,
1650,8.85,8.75,7.82,7.9,,
1651,9.75,9.55,8.0,8.6,8.9,
1652,7.1,6.95,5.55,5.9,7.1,
1653,7.0,6.3,7.55,6.5,,
1654,6.35,6.24,5.18,7.0,,
1655,6.1,,,,,
1656,5.3,5.95,4.73,,,
1657,9.0,9.0,7.09,8.5,8.8,
1658,5.3,4.1,,,,
1659,6.4,5.53,4.85,4.1,,
1660,9.45,8.3,6.45,6.7,7.0,
1661,9.15,8.1,6.09,6.5,7.4,
1662,6.55,6.15,6.09,5.8,6.6,
1663,4.4,3.3,,,,
1664,9.9,8.35,8.91,7.3,7.89,
1665,7.7,7.2,,,,
1666,4.6,6.0,6.36,,,
1667,7.55,7.1,7.91,6.6,7.0,
1668,5.35,5.45,5.09,5.1,,
1669,7.1,5.5,5.45,6.9,6.1,
1670,8.9,7.45,8.36,8.2,6.9,
1671,5.8,6.3,4.91,8.2,,
1672,4.86,5.2,2.09,,,
1673,,6.5,6.82,7.44,7.27,7.36
1674,,,,,6.33,5.75
1675,,,,,4.9,6.0
1676,,,,,,3.5
1743,2.0,2.73,,,,
1744,4.4,4.43,4.27,,,
1745,2.55,,,,,
1746,5.35,5.86,5.55,,,
1747,3.75,4.73,,,,
1748,4.6,,,,,
1750,4.1,,,,,
1751,5.5,5.9,3.73,,,
1752,5.75,4.6,2.82,,,
1753,3.15,3.09,,,,
1754,3.65,4.18,2.64,,,
1755,4.35,7.09,8.18,,,
1756,6.7,6.05,5.36,5.6,,
1757,5.9,5.62,3.36,,,
1758,6.05,6.65,5.09,6.6,,
1759,6.95,5.9,5.45,6.0,,
1760,6.2,5.86,4.45,,,
1761,6.85,5.4,4.09,,,
1762,2.8,,,,,
1763,4.35,4.91,,,,
1764,3.85,5.73,,,,
1765,7.0,6.95,6.18,6.0,,
1766,3.8,3.36,,,,
1767,5.9,7.7,6.09,5.5,,
1768,8.1,8.1,7.27,7.2,,
1769,2.6,2.2,,,,
1770,6.4,7.15,6.45,5.7,,
1771,1.75,1.55,,,,
1772,1.0,,,,,
1773,5.3,4.73,5.73,,,
1774,3.8,4.82,,,,
1775,6.0,,,,,
1776,6.6,6.2,5.27,6.2,,
1777,3.15,4.09,,,,
1778,7.1,7.05,6.0,6.1,,
1779,4.9,3.67,,,,
1780,5.2,6.36,,,,
1781,4.55,4.57,4.09,,,
1782,3.1,4.82,,,,
1783,4.91,5.5,6.91,6.3,,
1784,,4.8,,,,
1785,,3.6,,,,
1786,,3.16,3.73,,,
1787,,4.24,4.09,,,
1788,,4.64,,,,
1789,,4.25,5.18,,,
1790,6.7,5.65,4.45,6.8,,
1791,,,1.09,,,
1792,,,3.64,,,
1793,6.1,4.73,4.45,,,
1794,,,2.59,,,
1795,,,2.45,3.8,,
1796,,1.0,3.18,,,
1797,,,4.64,6.11,,
1798,,,3.09,,,
1799,,,3.64,5.8,6.3,
1800,,,,2.89,,
1801,,,,4.0,,
1803,7.0,7.65,6.82,6.0,,
1804,5.55,5.85,5.73,5.2,,
1805,7.35,7.95,7.45,8.4,,
1806,7.2,7.2,8.55,9.0,,
1807,6.6,7.3,1.0,5.5,,
1808,5.5,4.9,5.55,,,
1809,6.05,4.95,6.09,5.9,,
1810,6.3,6.6,5.75,,,
1811,8.3,9.2,8.73,7.3,,
1812,7.25,6.8,5.45,6.2,,
1813,7.4,7.2,6.64,7.3,,
1814,7.9,7.05,6.64,6.2,,
1815,3.85,2.43,,,,
1816,6.45,7.4,7.55,8.7,,
1817,6.75,7.2,6.55,6.8,,
1818,4.1,3.73,4.36,,,
1819,7.7,7.2,6.91,6.9,,
1820,8.05,8.45,8.36,7.9,,
1821,8.15,8.6,7.82,6.7,,
1822,5.45,5.33,4.36,,,
1823,6.5,7.1,8.27,8.7,,
1824,9.15,8.65,7.91,7.7,,
1825,5.2,2.57,,,,
1826,5.35,6.05,6.73,,,
1827,6.95,6.7,6.27,5.9,,
1828,6.45,5.05,4.45,2.4,,
1829,6.15,5.1,5.33,,,
1830,7.45,7.75,7.36,7.6,,
1831,4.4,,,,,
1832,6.8,5.95,5.73,6.4,,
1833,7.3,6.95,6.82,6.8,,
1834,8.85,9.25,8.09,8.5,,
1835,7.4,7.25,7.18,7.3,,
1836,4.9,5.81,2.55,,,
1837,6.05,7.4,7.18,6.7,,
1838,7.35,6.45,6.09,5.7,,
1839,7.2,6.95,6.45,6.3,,
1840,5.7,4.95,3.55,,,
1841,6.95,7.4,6.27,5.7,,
1842,5.6,7.2,5.18,5.8,,
1843,6.35,6.3,5.91,,,
1844,6.4,5.65,5.0,5.4,,
1845,5.9,5.9,4.55,4.8,,
1846,6.55,6.25,6.36,6.4,,
1847,6.2,6.35,5.45,6.1,,
1848,5.6,4.4,2.09,,,
1849,7.2,6.8,5.91,6.3,,
1850,8.45,8.75,8.73,7.7,,
1851,6.4,7.1,5.36,5.7,,
1852,9.8,9.8,9.73,9.2,,
1853,6.3,6.4,6.09,,,
1854,7.9,8.2,6.27,6.3,,
1855,6.55,5.45,5.17,,,
1856,5.4,4.38,,,,
1857,3.5,2.5,,,,
1858,5.2,6.05,5.73,,,
1859,8.6,8.7,7.73,7.5,,
1860,8.2,8.75,8.09,,,
1861,4.95,5.35,5.25,,,
1862,5.95,5.71,4.18,,,
1863,6.9,5.9,6.18,7.0,,
1864,6.75,6.45,6.09,6.2,,
1865,6.35,6.15,6.27,6.1,,
1866,8.95,7.55,7.45,6.9,,
1867,7.55,7.5,6.64,8.3,,
1868,7.35,6.95,5.55,6.8,,
1869,8.05,8.25,7.09,7.3,,
1870,7.2,6.45,7.36,6.1,,
1871,8.1,8.4,8.45,8.1,,
1872,8.0,8.5,7.91,6.7,,
1873,6.25,6.15,4.82,5.3,,
1874,6.05,5.38,5.55,,,
1875,7.0,6.65,5.73,4.3,,
1876,7.0,6.7,6.73,6.8,,
1877,5.4,5.65,3.33,,,
1878,9.15,9.55,9.55,9.0,,
1879,5.4,5.38,2.45,,,
1880,7.6,8.05,7.09,6.5,,
1881,8.8,8.7,8.09,6.2,,
1882,4.5,5.35,4.45,4.0,,
1883,8.4,8.95,8.64,7.4,,
1884,9.25,9.67,8.36,7.5,,
1885,5.5,5.4,,,,
1886,,,5.27,5.14,,
1887,5.3,6.18,5.14,5.42,,
1888,,6.0,4.36,7.22,7.0,7.9
1889,,,5.45,6.67,7.2,6.8
1890,,2.0,3.45,,,
1891,7.65,9.15,9.18,8.8,,
1892,6.7,5.95,6.64,,,
1893,6.45,6.95,6.82,7.3,,
1894,6.75,6.4,7.09,7.0,,
1895,7.8,8.5,,,,
1896,7.55,7.8,6.55,8.1,,
1897,7.2,7.1,5.64,4.8,,
1898,5.5,4.1,,,,
1899,5.05,5.0,4.46,,,
1900,5.45,5.5,4.73,6.3,,
1901,8.45,8.95,7.55,8.1,,
1902,6.0,,,,,
1903,9.55,9.6,9.27,8.6,,
1904,8.8,7.8,5.45,,,
1905,8.7,9.17,6.91,7.4,,
1906,9.4,9.45,8.64,8.3,,
1907,8.75,8.8,9.27,8.5,,
1908,8.75,9.15,9.0,9.5,,
1909,9.7,9.85,9.27,8.6,,
1910,8.15,8.55,6.64,6.9,,
1911,8.15,8.7,8.18,8.4,,
1912,5.2,5.9,,,,
1913,9.05,8.9,7.82,8.1,,
1914,8.6,8.3,7.82,7.2,,
1915,,1.0,2.27,,,
1916,,,,,4.68,7.6
1917,,,,,3.56,
1918,,,,,6.89,6.88
1919,,,,,5.0,
1920,,,,,0.5,4.62
1921,,,,,,0.88
1922,,,,,6.0,4.88
1923,,,,,5.0,5.0
1924,,,,,6.44,
1925,,,,,7.78,7.75
1926,,,,,,6.12
1927,,,,,5.89,5.0
2003,,2.14,1.0,,,
2004,,2.67,4.73,,,
2005,,5.0,3.73,,,
2006,,2.29,2.55,,,
2007,,,,1.22,,
2008,,,,6.11,6.2,5.7
2009,,,,2.0,,
2010,,,,6.0,6.6,
2011,,,,7.0,5.8,7.2
2012,,,1.14,2.78,,
2013,,,,5.11,6.5,5.7
2014,,,,7.89,,
2015,,,,3.67,,
2016,,,,3.56,,
2017,,,1.0,5.78,5.6,
2018,,1.0,,,,
2019,4.73,5.82,,,,
2020,4.5,6.27,,,,
2021,1.82,1.0,,,,
2022,5.9,5.55,5.18,,,
2023,4.7,4.75,,,,
2024,3.27,3.55,,,,
2025,6.9,7.36,7.18,,,
2026,5.5,5.73,6.36,,,
2027,3.55,3.55,,,,
2028,2.58,2.82,,,,
2029,6.6,5.91,6.91,,,
2030,5.09,3.73,,,,
2031,5.4,6.09,,,,
2032,6.5,5.64,5.18,,,
2033,1.83,1.0,,,,
2034,5.6,6.45,,,,
2035,2.08,3.45,,,,
2036,3.7,3.64,,,,
2038,4.8,6.33,,,,
2039,2.17,2.91,,,,
2040,6.1,3.91,4.82,,,
2041,4.0,4.45,,,,
2042,2.82,4.45,,,,
2043,3.58,4.18,,,,
2044,5.5,4.91,5.82,,,
2045,5.55,5.18,,,,
2046,6.3,6.09,5.18,,,
2047,2.58,3.82,,,,
2048,6.6,6.73,6.64,,,
2050,3.42,3.55,,,,
2051,7.0,7.27,6.64,,,
2052,5.6,6.18,5.45,,,
2053,7.9,7.64,6.91,,,
2054,5.9,6.73,5.64,,,
2055,7.09,6.36,,,,
2056,8.4,9.0,8.64,,,
2057,6.3,6.91,6.55,,,
2058,6.1,6.36,7.45,,,
2059,5.1,4.36,4.64,,,
2060,7.7,7.27,7.36,,,
2061,7.2,7.91,7.55,,,
2062,6.5,7.09,7.91,,,
2063,6.3,7.27,6.91,,,
2064,8.2,7.09,7.73,,,
2065,8.8,8.55,8.27,,,
2066,7.1,7.64,7.73,,,
2067,9.2,9.0,8.55,,,
2068,9.7,9.73,9.64,,,
2069,3.91,,,,,
2070,7.3,7.27,6.91,,,
2071,6.36,7.73,,,,
2072,6.0,7.82,6.45,,,
2073,8.1,9.09,8.73,,,
2074,8.5,7.55,7.55,,,
2075,5.2,6.09,,,,
2076,4.8,5.25,,,,
2077,5.8,5.55,5.45,,,
2078,7.1,6.18,5.82,,,
2079,8.4,9.55,9.55,,,
2080,8.1,8.18,7.91,,,
2081,7.2,7.36,8.0,,,
2082,5.55,4.73,,,,
2083,5.6,6.09,5.27,,,
2084,4.7,5.55,4.64,,,
2085,5.7,5.73,5.45,,,
2086,4.82,4.82,,,,
2087,5.2,5.82,5.82,,,
2088,3.27,2.45,,,,
2089,6.5,6.0,6.64,,,
2090,6.0,6.36,6.0,,,
2091,4.55,4.82,,,,
2092,4.5,4.82,,,,
2093,5.0,,5.09,,,
2094,8.6,8.0,8.09,,,
2095,9.8,9.91,9.91,,,
2096,7.8,6.64,5.36,,,
2097,9.1,9.18,8.64,,,
2098,7.1,7.36,7.27,,,
2099,6.1,6.25,,,,
2100,9.6,9.55,9.73,,,
2101,4.6,5.73,5.27,,,
2102,6.3,7.27,7.91,,,
2103,5.5,6.64,6.0,,,
2104,5.09,4.91,,,,
2105,6.0,5.64,,,,
2106,6.5,7.0,7.55,,,
2107,4.45,2.09,,,,
2108,8.1,9.55,9.82,,,
2109,8.6,8.55,9.64,,,
2110,6.4,7.91,8.09,,,
2111,4.2,5.73,5.09,,,
2112,8.5,8.27,8.55,,,
2113,6.4,,,,,
2114,6.7,7.73,7.45,,,
2115,4.9,6.09,6.0,,,
2116,5.4,6.64,5.91,,,
2117,5.3,7.55,6.45,,,
2118,5.4,5.18,5.55,,,
2119,7.9,9.27,9.45,,,
2120,8.5,9.18,9.09,,,
2121,6.9,6.73,6.45,,,
2122,8.8,8.82,7.36,,,
2123,6.9,7.18,6.64,,,
2124,9.5,9.82,9.82,,,
2125,3.8,5.36,,,,
2126,4.0,3.91,,,,
2127,4.7,6.09,5.64,,,
2128,5.0,6.18,,,,
2129,5.7,6.45,6.82,,,
2130,5.0,3.45,,,,
2131,6.3,7.82,6.82,,,
2132,7.9,9.27,9.09,,,
2133,9.3,9.09,9.0,,,
2134,5.6,6.36,5.73,,,
2135,6.1,8.18,8.91,,,
2136,4.7,7.09,7.36,,,
2137,5.5,8.0,8.55,,,
2138,7.4,6.91,7.27,,,
2139,6.0,6.91,7.36,,,
2140,4.7,5.64,6.55,,,
2141,7.0,7.64,6.64,,,
2142,5.9,6.73,,,,
2143,6.4,5.27,5.27,,,
2144,5.7,6.36,6.09,,,
2145,9.1,9.09,9.45,,,
2146,7.4,9.09,9.73,,,
2147,6.3,6.27,7.36,,,
2148,6.7,6.45,6.09,,,
2149,5.3,6.82,6.27,,,
2150,6.8,7.91,8.64,,,
2151,4.6,5.27,,,,
2152,6.5,6.18,6.91,,,
2153,5.45,5.0,,,,
2154,7.0,8.45,8.36,,,
2155,6.7,6.82,6.73,,,
2156,3.36,4.18,,,,
2157,6.9,8.27,8.55,,,
2158,6.6,6.73,6.55,,,
2159,9.1,8.0,8.27,,,
2160,5.9,6.45,5.73,,,
2161,6.1,7.09,6.64,,,
2162,4.4,5.18,4.64,,,
2163,6.2,6.27,6.09,,,
2164,5.1,6.27,5.73,,,
2165,8.0,9.36,9.0,,,
2166,9.4,9.55,9.45,,,
2167,7.5,9.0,6.55,,,
2168,6.3,6.27,6.64,,,
2169,5.0,4.91,,,,
2170,9.0,,,,,
2171,3.73,,,,,
2172,4.9,7.0,,,,
2173,7.2,7.91,7.91,,,
2174,7.8,8.0,8.55,,,
2175,5.4,6.0,,,,
2176,7.8,7.09,7.18,,,
2177,6.5,7.55,5.27,,,
2178,4.9,6.0,6.36,,,
2179,6.0,5.91,,,,
2180,6.5,6.82,6.55,,,
2181,6.0,6.36,5.64,,,
2182,5.0,6.18,,,,
2183,7.0,7.36,7.27,,,
2184,5.8,7.0,,,,
2185,6.5,6.64,6.45,,,
2186,7.5,7.27,,,,
2187,7.7,,,,,
2188,,,,,5.3,7.2
2189,,,,,2.9,
2190,,,,,3.9,
2253,5.6,7.55,,,,
2254,6.4,6.64,,,,
2255,2.4,2.64,,,,
2256,5.2,,,,,
2257,6.6,5.73,,,,
2258,4.9,3.64,,,,
2259,5.0,,,,,
2260,3.9,4.45,,,,
2261,6.3,5.64,,,,
2262,4.8,5.55,,,,
2263,3.6,,,,,
2265,5.5,5.55,,,,
2266,6.6,7.09,,,,
2267,5.7,,,,,
2268,5.7,7.45,,,,
2269,3.9,5.64,,,,
2270,5.5,5.91,,,,
2271,4.3,6.0,,,,
2272,4.9,,,,,
2273,5.5,5.91,,,,
2274,,1.36,,,,
2275,4.8,6.09,,,,
2276,2.9,,,,,
2277,4.6,5.36,,,,
2278,4.0,,,,,
2279,5.7,6.82,,,,
2280,7.4,6.45,,,,
2281,6.9,8.73,,,,
2282,4.6,,,,,
2283,3.8,,,,,
2284,6.5,5.55,,,,
2285,6.7,7.0,,,,
2286,4.7,5.0,,,,
2287,5.9,,,,,
2288,3.18,,,,,
2289,4.4,5.27,,,,
2290,4.3,,,,,
2291,5.18,,,,,
2292,6.09,,,,,
2293,3.64,,,,,
2294,1.0,,,,,
2295,4.55,,,,,
2296,,6.55,,,,
2297,,1.45,1.18,,,
2298,,6.0,5.45,,,
2299,,5.36,6.91,,,
2300,2.17,2.0,,,,
2301,0.0,1.0,,,,
2302,6.0,6.36,5.73,,,
2303,6.4,5.0,1.0,,,
2304,2.67,5.27,,,,
2305,7.7,7.2,5.45,7.6,,
2306,,,4.85,,,
2307,,,4.64,3.6,,
2308,,,,2.5,,
2309,,,,3.31,,
2310,,,,4.87,,
2311,,,1.0,5.1,,
2312,,,3.0,6.3,,
2313,,,,3.5,,
2314,,,3.0,5.9,4.6,
2315,,,,4.0,,
2318,5.6,6.91,,,,
2319,9.0,9.45,,,,
2320,7.8,6.55,,,,
2321,9.0,9.18,,,,
2322,7.4,7.09,,,,
2323,5.25,,,,,
2324,5.9,6.18,,,,
2325,8.5,8.55,,,,
2326,8.6,8.73,,,,
2327,6.2,,,,,
2328,6.4,6.18,,,,
2329,5.1,4.55,,,,
2330,6.1,5.82,,,,
2331,5.9,5.0,,,,
2332,7.0,6.45,,,,
2333,6.3,5.36,,,,
2334,7.4,8.09,,,,
2335,8.2,8.18,,,,
2336,7.3,8.09,,,,
2337,6.8,5.91,,,,
2338,7.6,8.18,,,,
2339,5.9,6.0,,,,
2340,7.4,8.09,,,,
2341,6.2,5.36,,,,
2342,6.0,6.27,,,,
2343,8.0,7.91,,,,
2344,4.0,,,,,
2345,9.0,9.0,,,,
2346,7.7,6.91,,,,
2347,6.0,5.36,,,,
2348,6.3,7.09,,,,
2349,8.0,8.91,,,,
2350,7.6,8.09,,,,
2351,6.2,6.18,,,,
2352,7.8,7.73,,,,
2353,8.3,8.36,,,,
2354,5.9,7.09,,,,
2355,9.2,9.27,,,,
2356,6.2,5.73,,,,
2357,5.5,5.64,,,,
2358,6.08,,,,,
2359,7.1,6.0,,,,
2360,5.3,6.09,,,,
2361,7.7,9.0,,,,
2362,6.7,6.45,,,,
2363,6.2,6.82,,,,
2364,8.4,7.73,,,,
2365,6.36,,,,,
2366,6.2,5.18,,,,
2367,8.0,7.18,,,,
2368,7.0,5.36,,,,
2369,9.3,9.55,,,,
2370,9.1,8.73,,,,
2371,8.0,7.91,,,,
2372,8.2,8.45,,,,
2373,6.2,6.82,,,,
2374,5.7,5.27,,,,
2375,4.2,,,,,
2376,7.9,9.09,,,,
2377,7.8,7.0,,,,
2378,6.0,5.91,,,,
2379,5.5,,,,,
2380,5.8,6.64,,,,
2381,8.9,9.27,,,,
2382,9.9,9.91,,,,
2383,5.7,5.18,,,,
2384,7.4,6.73,,,,
2385,6.7,6.18,,,,
2386,6.5,7.09,,,,
2387,6.6,6.45,,,,
2388,8.7,8.55,,,,
2389,6.2,5.0,,,,
2390,6.6,6.55,,,,
2391,8.3,8.27,,,,
2392,5.4,6.55,,,,
2393,8.1,7.91,,,,
2394,8.1,8.36,,,,
2395,8.1,7.91,,,,
2396,5.3,6.73,,,,
2397,7.4,8.18,,,,
2398,7.2,6.27,,,,
2399,8.6,8.64,,,,
2400,9.5,9.09,,,,
2401,6.5,6.73,,,,
2402,7.9,8.55,,,,
2403,9.0,8.91,,,,
2404,6.3,5.0,,,,
2405,6.9,6.0,,,,
2406,6.9,6.73,,,,
2407,8.4,8.09,,,,
2408,5.8,6.09,,,,
2409,9.6,9.55,,,,
2410,9.4,9.27,,,,
2411,5.6,6.0,,,,
2412,6.7,5.45,,,,
2413,5.5,4.09,,,,
2414,6.1,6.64,,,,
2415,7.9,7.82,,,,
2416,5.2,5.55,,,,
2417,9.1,9.36,,,,
2418,7.0,7.45,,,,
2419,9.3,9.36,,,,
2420,8.9,9.0,,,,
2421,6.9,7.0,,,,
2422,6.1,6.18,,,,
2423,7.8,7.36,,,,
2424,9.0,9.36,,,,
2425,9.5,9.82,,,,
2426,5.8,5.64,,,,
2427,9.0,8.73,,,,
2428,7.8,7.73,,,,
2429,8.7,8.55,,,,
2430,6.6,7.09,,,,
2431,6.3,5.55,,,,
2432,7.9,7.0,,,,
2433,5.2,3.27,,,,
2434,6.4,5.27,,,,
2435,7.1,6.45,,,,
2436,6.3,5.64,,,,
2437,8.6,8.27,,,,
2438,5.2,4.55,,,,
2439,6.8,7.18,,,,
2440,6.1,5.36,,,,
2441,5.5,5.64,,,,
2442,7.7,9.45,,,,
2443,7.3,7.0,,,,
2444,5.8,4.73,,,,
2445,7.4,,,,,
2446,6.8,6.45,,,,
2447,5.6,5.91,,,,
2448,7.4,8.64,,,,
2449,,6.64,4.73,,,
2450,1.0,6.27,,,,
2451,9.2,6.9,2.82,,,
2452,,,,,1.9,
2453,,,,,,2.9
2454,,,,,7.27,7.45
2455,,,,,7.55,6.55
2456,,,,,7.6,7.4
2457,,,,,5.0,6.3
2521,6.1,,,,,
2522,4.9,,,,,
2523,4.7,,,,,
2524,6.3,,,,,
2525,5.0,,,,,
2526,3.3,,,,,
2527,6.8,,,,,
2528,1.1,,,,,
2529,6.6,,,,,
2530,7.5,,,,,
2531,6.5,,,,,
2532,4.8,,,,,
2533,3.7,,,,,
2534,6.6,,,,,
2535,8.6,,,,,
2536,5.6,,,,,
2537,1.0,,,,,
2538,1.0,,,,,
2539,6.2,,,,,
2540,4.9,,,,,
2541,5.1,,,,,
2542,4.4,,,,,
2543,5.9,,,,,
2544,5.6,,,,,
2545,2.4,,,,,
2546,3.6,,,,,
2547,5.5,,,,,
2548,6.3,,,,,
2549,5.8,,,,,
2550,6.1,,,,,
2551,5.3,,,,,
2552,6.5,,,,,
2553,6.1,,,,,
2554,4.6,,,,,
2555,4.4,,,,,
2556,,3.0,,,,
2557,,3.09,,,,
2558,6.0,4.18,,,,
2559,3.5,5.91,,,,
2560,,4.09,,,,
2561,,1.45,,,,
2562,,,2.27,,,
2563,,,1.55,,,
2564,,5.0,5.64,,,
2565,,,,1.1,,
2566,,,,1.0,,
2568,5.1,,,,,
2569,8.2,,,,,
2570,6.6,,,,,
2571,5.5,,,,,
2572,6.4,,,,,
2573,5.2,,,,,
2574,6.3,,,,,
2575,7.7,,,,,
2576,7.0,,,,,
2577,6.8,,,,,
2578,7.0,,,,,
2579,5.8,,,,,
2580,8.4,,,,,
2581,6.2,,,,,
2582,5.2,,,,,
2583,9.2,,,,,
2584,8.2,,,,,
2585,5.8,,,,,
2586,7.6,,,,,
2587,7.4,,,,,
2588,6.8,,,,,
2589,7.3,,,,,
2590,6.6,,,,,
2591,7.8,,,,,
2592,5.4,,,,,
2593,9.9,,,,,
2594,8.1,,,,,
2595,7.0,,,,,
2596,6.4,,,,,
2597,6.1,,,,,
2598,6.4,,,,,
2599,4.9,,,,,
2600,7.5,,,,,
2601,9.3,,,,,
2602,6.4,,,,,
2603,5.3,,,,,
2604,7.5,,,,,
2605,6.5,,,,,
2606,6.3,,,,,
2607,8.7,,,,,
2608,5.6,,,,,
2609,5.5,,,,,
2610,6.6,,,,,
2611,9.8,,,,,
2612,6.2,,,,,
2613,8.0,,,,,
2614,9.0,,,,,
2615,6.9,,,,,
2616,5.8,,,,,
2617,6.6,,,,,
2618,5.9,,,,,
2619,3.6,,,,,
2620,9.0,,,,,
2621,8.0,,,,,
2622,6.9,,,,,
2623,6.2,,,,,
2624,8.0,,,,,
2625,6.9,,,,,
2626,8.0,,,,,
2627,5.4,,,,,
2628,7.9,,,,,
2629,7.3,,,,,
2630,7.6,,,,,
2631,7.1,,,,,
2632,8.0,,,,,
2633,5.4,,,,,
2634,5.8,,,,,
2635,7.9,,,,,
2636,6.2,,,,,
2637,8.8,,,,,
2638,7.5,,,,,
2639,5.4,,,,,
2640,5.3,,,,,
2641,4.2,,,,,
2642,9.0,,,,,
2643,9.6,,,,,
2644,9.1,,,,,
2645,9.0,,,,,
2646,7.2,,,,,
2647,8.0,,,,,
2648,6.2,,,,,
2649,8.9,,,,,
2650,7.5,,,,,
2651,9.5,,,,,
2652,8.3,,,,,
2653,5.7,,,,,
2654,8.5,,,,,
2655,8.5,,,,,
2656,8.2,,,,,
2657,5.7,,,,,
2658,6.9,,,,,
2659,8.0,,,,,
2660,8.8,,,,,
2661,4.8,,,,,
2662,5.3,,,,,
2663,6.4,,,,,
2664,5.9,,,,,
2665,9.4,,,,,
2666,8.5,,,,,
2667,6.4,,,,,
2668,5.4,,,,,
2669,6.1,,,,,
2670,4.7,,,,,
2671,6.1,,,,,
2672,7.1,,,,,
2673,5.6,,,,,
2674,8.0,,,,,
2675,7.0,,,,,
2676,6.8,,,,,
2677,7.2,,,,,
2678,5.7,,,,,
2679,8.5,,,,,
2680,7.2,,,,,
2681,8.9,,,,,
2682,6.3,,,,,
2683,,,7.27,,,
2684,,,6.45,,,
2685,,,,,5.11,
2686,,,,,8.3,
2687,,,,,5.67,
2688,,,,,4.56,
2689,,,,,5.67,
2690,,,,,6.8,
2691,,,,,7.6,
2692,,,,,6.2,
